threshold,precision,recall,f1
0.0027,0.5,1.0,0.6667
0.0062,0.5006,1.0,0.6672
0.0068,0.5012,1.0,0.6677
0.0074,0.5018,1.0,0.6682
0.0087,0.5023,1.0,0.6687
0.0128,0.5029,1.0,0.6693
0.0245,0.5035,1.0,0.6698
0.0455,0.5041,1.0,0.6703
0.0456,0.5047,1.0,0.6708
0.0495,0.5053,1.0,0.6714
0.0505,0.5059,1.0,0.6719
0.0542,0.5065,1.0,0.6724
0.0557,0.5071,1.0,0.6729
0.0575,0.5077,1.0,0.6735
0.059,0.5083,1.0,0.674
0.0627,0.5089,1.0,0.6745
0.0639,0.5101,1.0,0.6756
0.0654,0.5107,1.0,0.6761
0.0707,0.5113,1.0,0.6767
0.075,0.5119,1.0,0.6772
0.0757,0.5125,1.0,0.6777
0.079,0.5132,1.0,0.6783
0.0824,0.5138,1.0,0.6788
0.0853,0.5144,1.0,0.6793
0.0865,0.515,1.0,0.6799
0.0866,0.5156,1.0,0.6804
0.0869,0.5162,1.0,0.681
0.0874,0.5169,1.0,0.6815
0.088,0.5175,1.0,0.682
0.0883,0.5181,1.0,0.6826
0.0894,0.5187,1.0,0.6831
0.0905,0.5194,1.0,0.6837
0.0927,0.52,1.0,0.6842
0.0951,0.5206,1.0,0.6848
0.0967,0.5213,1.0,0.6853
0.097,0.5219,1.0,0.6859
0.0998,0.5225,1.0,0.6864
0.1013,0.5232,1.0,0.6869
0.1022,0.5238,1.0,0.6875
0.1029,0.5244,1.0,0.6881
0.1037,0.5251,1.0,0.6886
0.106,0.5257,1.0,0.6892
0.1062,0.5264,1.0,0.6897
0.1069,0.527,1.0,0.6903
0.1072,0.5277,1.0,0.6908
0.1077,0.5283,1.0,0.6914
0.1095,0.529,1.0,0.6919
0.1121,0.5296,1.0,0.6925
0.1126,0.5303,1.0,0.6931
0.1201,0.5309,1.0,0.6936
0.1259,0.5316,1.0,0.6942
0.1283,0.5323,1.0,0.6947
0.1286,0.5329,1.0,0.6953
0.1305,0.5336,1.0,0.6959
0.1309,0.5342,1.0,0.6964
0.1318,0.5349,1.0,0.697
0.1319,0.5356,1.0,0.6976
0.133,0.5362,1.0,0.6981
0.1359,0.5369,1.0,0.6987
0.1362,0.5376,1.0,0.6993
0.1373,0.5383,1.0,0.6998
0.1375,0.5389,1.0,0.7004
0.1397,0.5396,1.0,0.701
0.1401,0.5403,1.0,0.7016
0.1421,0.541,1.0,0.7021
0.1451,0.5417,1.0,0.7027
0.1457,0.5424,1.0,0.7033
0.1465,0.543,1.0,0.7039
0.1485,0.5437,1.0,0.7044
0.1514,0.5444,1.0,0.705
0.1516,0.5451,1.0,0.7056
0.1546,0.5458,1.0,0.7062
0.1557,0.5465,1.0,0.7068
0.157,0.5472,1.0,0.7073
0.1605,0.5479,1.0,0.7079
0.1607,0.5486,1.0,0.7085
0.1644,0.5493,1.0,0.7091
0.165,0.55,1.0,0.7097
0.1667,0.5507,1.0,0.7103
0.1698,0.5514,1.0,0.7109
0.17,0.5521,1.0,0.7114
0.1723,0.5528,1.0,0.712
0.1731,0.5535,1.0,0.7126
0.1779,0.5543,1.0,0.7132
0.1784,0.555,1.0,0.7138
0.1833,0.5557,1.0,0.7144
0.1849,0.5564,1.0,0.715
0.1852,0.5571,1.0,0.7156
0.186,0.5579,1.0,0.7162
0.1863,0.5586,1.0,0.7168
0.1864,0.5593,1.0,0.7174
0.1866,0.5601,1.0,0.718
0.187,0.5608,1.0,0.7186
0.1881,0.5615,1.0,0.7192
0.1886,0.5623,1.0,0.7198
0.189,0.563,1.0,0.7204
0.1892,0.5637,1.0,0.721
0.1906,0.5645,1.0,0.7216
0.1908,0.5652,1.0,0.7222
0.1929,0.566,1.0,0.7228
0.1933,0.5667,1.0,0.7234
0.1944,0.5675,1.0,0.7241
0.1962,0.5682,1.0,0.7247
0.1962,0.569,1.0,0.7253
0.2008,0.5697,1.0,0.7259
0.202,0.5705,1.0,0.7265
0.2026,0.5712,1.0,0.7271
0.203,0.572,1.0,0.7277
0.203,0.5728,1.0,0.7284
0.2035,0.5735,1.0,0.729
0.2039,0.5743,1.0,0.7296
0.2056,0.5751,1.0,0.7302
0.2089,0.5758,1.0,0.7308
0.209,0.5766,1.0,0.7315
0.209,0.5774,1.0,0.7321
0.2093,0.5762,0.9953,0.7299
0.2103,0.577,0.9953,0.7305
0.2107,0.5778,0.9953,0.7312
0.2111,0.5786,0.9953,0.7318
0.2129,0.5794,0.9953,0.7324
0.213,0.5802,0.9953,0.733
0.2161,0.581,0.9953,0.7337
0.2178,0.5817,0.9953,0.7343
0.2178,0.5825,0.9953,0.7349
0.2194,0.5833,0.9953,0.7356
0.2201,0.5841,0.9953,0.7362
0.2217,0.5849,0.9953,0.7368
0.2229,0.5857,0.9953,0.7375
0.2232,0.5865,0.9953,0.7381
0.2245,0.5873,0.9953,0.7388
0.2263,0.5882,0.9953,0.7394
0.2271,0.589,0.9953,0.74
0.2272,0.5898,0.9953,0.7407
0.2276,0.5906,0.9953,0.7413
0.229,0.5914,0.9953,0.742
0.2293,0.5922,0.9953,0.7426
0.2318,0.5931,0.9953,0.7433
0.2321,0.5939,0.9953,0.7439
0.2321,0.5947,0.9953,0.7446
0.2322,0.5955,0.9953,0.7452
0.2336,0.5964,0.9953,0.7459
0.2339,0.5972,0.9953,0.7465
0.2355,0.598,0.9953,0.7472
0.2366,0.5989,0.9953,0.7478
0.2381,0.5997,0.9953,0.7485
0.2392,0.6006,0.9953,0.7491
0.2398,0.6014,0.9953,0.7498
0.2404,0.6023,0.9953,0.7504
0.2421,0.6031,0.9953,0.7511
0.2427,0.604,0.9953,0.7518
0.2434,0.6048,0.9953,0.7524
0.2435,0.6057,0.9953,0.7531
0.2469,0.6065,0.9953,0.7538
0.2472,0.6074,0.9953,0.7544
0.2472,0.6083,0.9953,0.7551
0.2475,0.6091,0.9953,0.7558
0.2478,0.61,0.9953,0.7564
0.2488,0.6109,0.9953,0.7571
0.2494,0.6117,0.9953,0.7578
0.2501,0.6126,0.9953,0.7584
0.2503,0.6135,0.9953,0.7591
0.2523,0.6144,0.9953,0.7598
0.2527,0.6153,0.9953,0.7605
0.2534,0.6162,0.9953,0.7611
0.2537,0.6171,0.9953,0.7618
0.2546,0.6179,0.9953,0.7625
0.255,0.6188,0.9953,0.7632
0.2573,0.6197,0.9953,0.7639
0.2577,0.6206,0.9953,0.7645
0.2579,0.6215,0.9953,0.7652
0.2586,0.6224,0.9953,0.7659
0.2589,0.6234,0.9953,0.7666
0.2612,0.6243,0.9953,0.7673
0.2634,0.6252,0.9953,0.768
0.2642,0.6261,0.9953,0.7687
0.2666,0.627,0.9953,0.7694
0.2667,0.6279,0.9953,0.7701
0.2689,0.6289,0.9953,0.7708
0.2702,0.6298,0.9953,0.7715
0.2703,0.6307,0.9953,0.7722
0.2721,0.6317,0.9953,0.7729
0.2723,0.6326,0.9953,0.7736
0.2728,0.6335,0.9953,0.7743
0.2731,0.6345,0.9953,0.775
0.2737,0.6354,0.9953,0.7757
0.2739,0.6364,0.9953,0.7764
0.2739,0.6373,0.9953,0.7771
0.2772,0.6383,0.9953,0.7778
0.2776,0.6392,0.9953,0.7785
0.2784,0.6402,0.9953,0.7792
0.2794,0.6411,0.9953,0.7799
0.2817,0.6421,0.9953,0.7806
0.2823,0.6431,0.9953,0.7813
0.2824,0.645,0.9953,0.7828
0.2869,0.646,0.9953,0.7835
0.288,0.647,0.9953,0.7842
0.2883,0.648,0.9953,0.7849
0.2885,0.6489,0.9953,0.7856
0.2885,0.6479,0.9907,0.7834
0.2889,0.6489,0.9907,0.7841
0.2896,0.6498,0.9907,0.7849
0.2903,0.6508,0.9907,0.7856
0.2904,0.6503,0.9883,0.7845
0.2908,0.6513,0.9883,0.7852
0.2916,0.6502,0.9837,0.7829
0.2919,0.6512,0.9837,0.7837
0.2925,0.6522,0.9837,0.7844
0.2927,0.6533,0.9837,0.7851
0.2928,0.6543,0.9837,0.7858
0.2937,0.6553,0.9837,0.7866
0.2954,0.6563,0.9837,0.7873
0.2959,0.6573,0.9837,0.788
0.2966,0.6583,0.9837,0.7888
0.2973,0.6594,0.9837,0.7895
0.2975,0.6604,0.9837,0.7903
0.2978,0.6614,0.9837,0.791
0.2979,0.6625,0.9837,0.7917
0.2985,0.6635,0.9837,0.7925
0.2988,0.6646,0.9837,0.7932
0.2994,0.6656,0.9837,0.794
0.3005,0.6667,0.9837,0.7947
0.3012,0.6677,0.9837,0.7955
0.3013,0.6688,0.9837,0.7962
0.3045,0.6698,0.9837,0.797
0.3051,0.6709,0.9837,0.7977
0.3061,0.672,0.9837,0.7985
0.3069,0.673,0.9837,0.7992
0.3075,0.6741,0.9837,0.8
0.3098,0.6752,0.9837,0.8008
0.3102,0.6763,0.9837,0.8015
0.3124,0.6774,0.9837,0.8023
0.3124,0.6785,0.9837,0.803
0.3133,0.6795,0.9837,0.8038
0.3155,0.6806,0.9837,0.8046
0.316,0.6817,0.9837,0.8053
0.3171,0.6828,0.9837,0.8061
0.3176,0.684,0.9837,0.8069
0.3182,0.6851,0.9837,0.8077
0.3197,0.6862,0.9837,0.8084
0.3211,0.6873,0.9837,0.8092
0.322,0.6884,0.9837,0.81
0.3234,0.6895,0.9837,0.8108
0.3241,0.6907,0.9837,0.8115
0.3253,0.6918,0.9837,0.8123
0.3256,0.6929,0.9837,0.8131
0.3261,0.6941,0.9837,0.8139
0.3275,0.6952,0.9837,0.8147
0.3277,0.6964,0.9837,0.8155
0.328,0.6975,0.9837,0.8162
0.3287,0.6987,0.9837,0.817
0.3289,0.6998,0.9837,0.8178
0.329,0.701,0.9837,0.8186
0.3296,0.7022,0.9837,0.8194
0.3296,0.7033,0.9837,0.8202
0.33,0.7028,0.9814,0.8191
0.3304,0.704,0.9814,0.8199
0.3307,0.703,0.9767,0.8176
0.3311,0.7042,0.9767,0.8184
0.334,0.7054,0.9767,0.8192
0.3343,0.7066,0.9767,0.82
0.3351,0.7078,0.9767,0.8208
0.3356,0.709,0.9767,0.8216
0.3363,0.7102,0.9767,0.8224
0.3376,0.7097,0.9744,0.8212
0.338,0.7109,0.9744,0.822
0.3384,0.7121,0.9744,0.8228
0.3402,0.7116,0.972,0.8217
0.3409,0.7128,0.972,0.8225
0.3431,0.7118,0.9674,0.8202
0.3444,0.7131,0.9674,0.821
0.3448,0.7126,0.965,0.8198
0.3451,0.7121,0.9627,0.8186
0.3454,0.7133,0.9627,0.8194
0.3457,0.7145,0.9627,0.8203
0.3459,0.7158,0.9627,0.8211
0.3469,0.7153,0.9604,0.8199
0.3473,0.7143,0.9557,0.8175
0.3474,0.7155,0.9557,0.8184
0.3485,0.7168,0.9557,0.8192
0.3504,0.718,0.9557,0.82
0.3512,0.7175,0.9534,0.8188
0.3515,0.7188,0.9534,0.8196
0.3515,0.7201,0.9534,0.8205
0.3525,0.7213,0.9534,0.8213
0.3526,0.7226,0.9534,0.8221
0.3527,0.7239,0.9534,0.8229
0.3533,0.7252,0.9534,0.8238
0.3538,0.7265,0.9534,0.8246
0.3549,0.7278,0.9534,0.8254
0.355,0.7291,0.9534,0.8263
0.3562,0.7304,0.9534,0.8271
0.3566,0.733,0.9534,0.8288
0.3566,0.7343,0.9534,0.8296
0.3574,0.7356,0.9534,0.8305
0.3594,0.7351,0.951,0.8293
0.3598,0.7365,0.951,0.8301
0.361,0.7378,0.951,0.831
0.3613,0.7391,0.951,0.8318
0.3616,0.7405,0.951,0.8327
0.3617,0.7395,0.9464,0.8303
0.3618,0.7409,0.9464,0.8311
0.3624,0.7422,0.9464,0.832
0.3634,0.7436,0.9464,0.8328
0.3644,0.745,0.9464,0.8337
0.3659,0.7463,0.9464,0.8345
0.3661,0.7477,0.9464,0.8354
0.3668,0.7491,0.9464,0.8363
0.3709,0.7505,0.9464,0.8371
0.3711,0.7519,0.9464,0.838
0.3717,0.7532,0.9464,0.8388
0.3724,0.7523,0.9417,0.8364
0.3741,0.7537,0.9417,0.8373
0.3746,0.7533,0.9394,0.8361
0.3746,0.7547,0.9394,0.837
0.3754,0.7561,0.9394,0.8378
0.3762,0.7575,0.9394,0.8387
0.3782,0.7589,0.9394,0.8396
0.3783,0.7604,0.9394,0.8405
0.3786,0.7618,0.9394,0.8413
0.3789,0.7633,0.9394,0.8422
0.38,0.7662,0.9394,0.844
0.3804,0.7676,0.9394,0.8449
0.3807,0.7691,0.9394,0.8458
0.3809,0.7706,0.9394,0.8466
0.3814,0.772,0.9394,0.8475
0.3821,0.7735,0.9394,0.8484
0.3827,0.775,0.9394,0.8493
0.3833,0.7746,0.9371,0.8481
0.3834,0.7761,0.9371,0.849
0.3861,0.7776,0.9371,0.8499
0.3864,0.7791,0.9371,0.8508
0.3868,0.7806,0.9371,0.8517
0.3871,0.7821,0.9371,0.8526
0.3888,0.7836,0.9371,0.8535
0.3888,0.7852,0.9371,0.8544
0.3892,0.7867,0.9371,0.8553
0.3892,0.7863,0.9347,0.8541
0.3897,0.7878,0.9347,0.855
0.3904,0.7894,0.9347,0.8559
0.3935,0.789,0.9324,0.8547
0.3937,0.7905,0.9324,0.8556
0.3948,0.7921,0.9324,0.8565
0.3953,0.7937,0.9324,0.8574
0.396,0.7952,0.9324,0.8584
0.3967,0.7968,0.9324,0.8593
0.3971,0.7984,0.9324,0.8602
0.3985,0.8,0.9324,0.8611
0.3991,0.8016,0.9324,0.8621
0.3992,0.8008,0.9277,0.8596
0.4009,0.8024,0.9277,0.8605
0.4015,0.804,0.9277,0.8615
0.402,0.8057,0.9277,0.8624
0.4021,0.8073,0.9277,0.8633
0.4023,0.8089,0.9277,0.8643
0.403,0.8082,0.9231,0.8618
0.4044,0.8098,0.9231,0.8627
0.4061,0.8115,0.9231,0.8637
0.4061,0.8131,0.9231,0.8646
0.4069,0.8148,0.9231,0.8656
0.4075,0.8165,0.9231,0.8665
0.4092,0.8182,0.9231,0.8675
0.4093,0.8199,0.9231,0.8684
0.4094,0.8216,0.9231,0.8694
0.4111,0.8233,0.9231,0.8703
0.4111,0.825,0.9231,0.8713
0.4135,0.8267,0.9231,0.8722
0.4142,0.8285,0.9231,0.8732
0.4159,0.8302,0.9231,0.8742
0.4162,0.8319,0.9231,0.8751
0.417,0.8337,0.9231,0.8761
0.4185,0.8333,0.9207,0.8749
0.4194,0.8351,0.9207,0.8758
0.4205,0.8369,0.9207,0.8768
0.4206,0.8386,0.9207,0.8778
0.4213,0.8383,0.9184,0.8765
0.4234,0.8401,0.9184,0.8775
0.4254,0.8419,0.9184,0.8785
0.4262,0.8415,0.9161,0.8772
0.4274,0.8433,0.9161,0.8782
0.4291,0.8452,0.9161,0.8792
0.4322,0.8448,0.9138,0.8779
0.4323,0.8467,0.9138,0.8789
0.4324,0.8463,0.9114,0.8777
0.435,0.8482,0.9114,0.8787
0.4351,0.8475,0.9068,0.8761
0.4359,0.8472,0.9044,0.8749
0.4378,0.849,0.9044,0.8758
0.4383,0.8487,0.9021,0.8746
0.4391,0.8484,0.8998,0.8733
0.4391,0.8502,0.8998,0.8743
0.4398,0.8521,0.8998,0.8753
0.4418,0.854,0.8998,0.8763
0.4421,0.8559,0.8998,0.8773
0.4421,0.8578,0.8998,0.8783
0.4443,0.8597,0.8998,0.8793
0.4444,0.8616,0.8998,0.8803
0.4462,0.8635,0.8998,0.8813
0.4471,0.8655,0.8998,0.8823
0.4496,0.8674,0.8998,0.8833
0.4519,0.8694,0.8998,0.8843
0.4521,0.8713,0.8998,0.8853
0.4559,0.871,0.8974,0.884
0.4574,0.873,0.8974,0.8851
0.4578,0.875,0.8974,0.8861
0.4624,0.877,0.8974,0.8871
0.4648,0.879,0.8974,0.8881
0.4658,0.8787,0.8951,0.8868
0.4659,0.8807,0.8951,0.8879
0.4661,0.8805,0.8928,0.8866
0.4669,0.8799,0.8881,0.884
0.467,0.8819,0.8881,0.885
0.4697,0.8817,0.8858,0.8837
0.4698,0.8814,0.8834,0.8824
0.4708,0.8811,0.8811,0.8811
0.4709,0.8808,0.8788,0.8798
0.471,0.8829,0.8788,0.8808
0.4731,0.885,0.8788,0.8819
0.4733,0.8871,0.8788,0.8829
0.4748,0.8892,0.8788,0.8839
0.4748,0.8913,0.8788,0.885
0.4778,0.8934,0.8788,0.886
0.4778,0.8931,0.8765,0.8847
0.4783,0.8952,0.8765,0.8857
0.4794,0.895,0.8741,0.8844
0.48,0.8947,0.8718,0.8831
0.4843,0.8945,0.8695,0.8818
0.4849,0.8942,0.8671,0.8805
0.4856,0.894,0.8648,0.8791
0.4879,0.8961,0.8648,0.8802
0.4882,0.8983,0.8648,0.8812
0.4884,0.9005,0.8648,0.8823
0.489,0.9027,0.8648,0.8833
0.4922,0.9049,0.8648,0.8844
0.4932,0.9071,0.8648,0.8854
0.4944,0.9093,0.8648,0.8865
0.4945,0.9091,0.8625,0.8852
0.4951,0.9086,0.8578,0.8825
0.4952,0.9084,0.8555,0.8812
0.4963,0.9082,0.8531,0.8798
0.4971,0.908,0.8508,0.8785
0.4981,0.9102,0.8508,0.8795
0.499,0.9125,0.8508,0.8806
0.4997,0.9121,0.8462,0.8779
0.4998,0.9116,0.8415,0.8752
0.4999,0.9139,0.8415,0.8762
0.5009,0.9162,0.8415,0.8773
0.5017,0.9158,0.8368,0.8745
0.5058,0.9182,0.8368,0.8756
0.5088,0.9205,0.8368,0.8767
0.5095,0.9203,0.8345,0.8753
0.5099,0.9201,0.8322,0.8739
0.5107,0.9225,0.8322,0.875
0.5125,0.9249,0.8322,0.8761
0.5128,0.9273,0.8322,0.8771
0.5145,0.9297,0.8322,0.8782
0.5148,0.9295,0.8298,0.8768
0.5155,0.9293,0.8275,0.8755
0.5157,0.9318,0.8275,0.8765
0.516,0.9342,0.8275,0.8776
0.5163,0.9367,0.8275,0.8787
0.5164,0.9365,0.8252,0.8773
0.5165,0.9363,0.8228,0.8759
0.519,0.936,0.8182,0.8731
0.5193,0.9385,0.8182,0.8742
0.5214,0.941,0.8182,0.8753
0.5215,0.9409,0.8159,0.8739
0.5216,0.9434,0.8159,0.875
0.5217,0.9432,0.8135,0.8736
0.5218,0.9431,0.8112,0.8722
0.5226,0.9457,0.8112,0.8733
0.5231,0.9455,0.8089,0.8719
0.5272,0.9452,0.8042,0.869
0.5283,0.9478,0.8042,0.8701
0.5286,0.9504,0.8042,0.8712
0.53,0.953,0.8042,0.8723
0.5301,0.9529,0.8019,0.8709
0.5317,0.9528,0.7995,0.8695
0.5324,0.9525,0.7949,0.8666
0.5326,0.9524,0.7925,0.8651
0.5392,0.9522,0.7902,0.8637
0.5411,0.9549,0.7902,0.8648
0.5414,0.9576,0.7902,0.8659
0.5427,0.9575,0.7879,0.8645
0.5431,0.9574,0.7855,0.863
0.5438,0.9601,0.7855,0.8641
0.5469,0.9629,0.7855,0.8652
0.547,0.9656,0.7855,0.8663
0.5476,0.9655,0.7832,0.8649
0.5489,0.9654,0.7809,0.8634
0.549,0.9653,0.7786,0.8619
0.5496,0.9652,0.7762,0.8605
0.5518,0.9651,0.7739,0.859
0.5552,0.9679,0.7739,0.8601
0.5556,0.9708,0.7739,0.8612
0.5566,0.9707,0.7716,0.8597
0.5571,0.9706,0.7692,0.8583
0.559,0.9704,0.7646,0.8553
0.561,0.9703,0.7622,0.8538
0.5629,0.9702,0.7599,0.8523
0.5632,0.9701,0.7576,0.8508
0.5635,0.97,0.7529,0.8478
0.5661,0.9699,0.7506,0.8463
0.5688,0.9698,0.7483,0.8447
0.5689,0.9697,0.7459,0.8432
0.5693,0.9696,0.7436,0.8417
0.5704,0.9694,0.7389,0.8386
0.5714,0.9693,0.7366,0.8371
0.5723,0.9692,0.7343,0.8355
0.5738,0.9722,0.7343,0.8367
0.5742,0.9721,0.7319,0.8351
0.578,0.972,0.7296,0.8336
0.5805,0.972,0.7273,0.832
0.5812,0.9719,0.7249,0.8304
0.5839,0.9718,0.7226,0.8289
0.5847,0.9748,0.7226,0.83
0.5849,0.9748,0.7203,0.8284
0.5858,0.9746,0.7156,0.8253
0.5872,0.9744,0.711,0.8221
0.5881,0.9744,0.7086,0.8205
0.5884,0.9775,0.7086,0.8216
0.5909,0.9774,0.7063,0.82
0.5919,0.9773,0.704,0.8184
0.5925,0.9772,0.6993,0.8152
0.5933,0.9771,0.697,0.8136
0.5937,0.977,0.6923,0.8104
0.595,0.9768,0.6876,0.8071
0.5955,0.9767,0.6853,0.8055
0.596,0.9767,0.683,0.8038
0.5969,0.9766,0.6807,0.8022
0.5977,0.9764,0.676,0.7989
0.5988,0.9763,0.6713,0.7956
0.6033,0.9762,0.669,0.7939
0.6046,0.9761,0.6667,0.7922
0.6057,0.976,0.6643,0.7906
0.6059,0.9759,0.662,0.7889
0.6059,0.9793,0.662,0.79
0.6067,0.9792,0.6573,0.7866
0.609,0.9791,0.655,0.7849
0.613,0.979,0.6527,0.7832
0.6141,0.9789,0.6503,0.7815
0.6143,0.9789,0.648,0.7798
0.6198,0.9788,0.6457,0.7781
0.6206,0.9787,0.6434,0.7764
0.6258,0.9786,0.641,0.7746
0.6261,0.9786,0.6387,0.7729
0.6286,0.9784,0.634,0.7694
0.6287,0.9783,0.6317,0.7677
0.6293,0.9783,0.6294,0.766
0.6299,0.9782,0.627,0.7642
0.6315,0.978,0.6224,0.7607
0.6318,0.9779,0.62,0.7589
0.6351,0.9815,0.62,0.76
0.6378,0.9815,0.6177,0.7582
0.6454,0.9813,0.6131,0.7547
0.6459,0.9813,0.6107,0.7529
0.646,0.9812,0.6084,0.7511
0.6573,0.9811,0.6037,0.7475
0.6579,0.981,0.6014,0.7457
0.6581,0.9809,0.5991,0.7438
0.6599,0.9808,0.5967,0.742
0.66,0.9846,0.5967,0.7431
0.6603,0.9845,0.5921,0.7394
0.6634,0.9844,0.5897,0.7376
0.6711,0.9844,0.5874,0.7358
0.6716,0.9843,0.5851,0.7339
0.6717,0.9843,0.5828,0.7321
0.6723,0.9842,0.5804,0.7302
0.6742,0.9841,0.5781,0.7283
0.6747,0.984,0.5734,0.7246
0.6789,0.9839,0.5711,0.7227
0.6806,0.9839,0.5688,0.7208
0.6816,0.9837,0.5641,0.717
0.6878,0.9836,0.5594,0.7132
0.6894,0.9835,0.5571,0.7113
0.6902,0.9835,0.5548,0.7094
0.6904,0.9876,0.5548,0.7104
0.6962,0.9875,0.5524,0.7085
0.6969,0.9916,0.5524,0.7096
0.6979,0.9916,0.5478,0.7057
0.6988,0.9915,0.5455,0.7038
0.7042,0.9915,0.5408,0.6998
0.7057,0.9914,0.5361,0.6959
0.7059,0.9913,0.5338,0.6939
0.7086,0.9913,0.5315,0.692
0.7089,0.9912,0.5268,0.688
0.7098,0.9912,0.5245,0.686
0.7099,0.9912,0.5221,0.684
0.7112,0.9911,0.5198,0.682
0.7116,0.9911,0.5175,0.6799
0.714,0.991,0.5152,0.6779
0.7144,0.991,0.5128,0.6759
0.7202,0.991,0.5105,0.6738
0.7235,0.9909,0.5082,0.6718
0.7318,0.9909,0.5058,0.6698
0.739,0.9908,0.5035,0.6677
0.739,0.9908,0.5012,0.6656
0.7396,0.9907,0.4988,0.6636
0.7408,0.9907,0.4965,0.6615
0.7413,0.9906,0.4918,0.6573
0.7423,0.9906,0.4895,0.6552
0.7435,0.9905,0.4848,0.651
0.7513,0.9904,0.4825,0.6489
0.7516,0.9952,0.4825,0.6499
0.7524,0.9952,0.4802,0.6478
0.7524,0.9951,0.4779,0.6457
0.7526,0.9951,0.4755,0.6435
0.7545,0.9951,0.4709,0.6392
0.7573,0.995,0.4685,0.6371
0.7579,0.995,0.4639,0.6328
0.7622,0.9949,0.4592,0.6284
0.7642,0.9949,0.4569,0.6262
0.7655,0.9949,0.4545,0.624
0.7688,0.9948,0.4499,0.6196
0.7702,0.9948,0.4452,0.6151
0.7726,0.9948,0.4429,0.6129
0.7757,0.9947,0.4406,0.6107
0.7769,0.9947,0.4382,0.6084
0.7771,0.9947,0.4336,0.6039
0.7779,0.9946,0.4312,0.6016
0.7792,0.9946,0.4289,0.5993
0.7796,0.9946,0.4266,0.5971
0.7798,0.9945,0.4242,0.5948
0.7801,0.9945,0.4196,0.5902
0.7808,0.9944,0.4149,0.5855
0.7838,0.9944,0.4126,0.5832
0.7885,0.9944,0.4103,0.5809
0.8043,0.9943,0.4056,0.5762
0.8079,0.9943,0.4033,0.5738
0.8085,0.9942,0.3986,0.5691
0.8086,0.9942,0.3963,0.5667
0.8116,0.9941,0.3916,0.5619
0.8124,0.994,0.3893,0.5595
0.8185,0.994,0.3846,0.5546
0.8194,0.9939,0.3823,0.5522
0.8216,0.9939,0.3776,0.5473
0.8237,0.9938,0.3753,0.5448
0.8245,0.9938,0.3706,0.5399
0.8269,0.9937,0.366,0.5349
0.8293,0.9936,0.3613,0.5299
0.8294,0.9935,0.3566,0.5249
0.8353,0.9934,0.352,0.5198
0.8621,0.9933,0.3473,0.5147
0.8661,0.9932,0.3427,0.5095
0.8692,0.9932,0.338,0.5043
0.8759,0.9931,0.3333,0.4991
0.8782,0.993,0.331,0.4965
0.8829,0.993,0.3287,0.4939
0.8875,0.9929,0.324,0.4886
0.8909,0.9928,0.3217,0.4859
0.8965,0.9928,0.3193,0.4832
0.9023,0.9927,0.317,0.4806
0.9051,0.9926,0.3147,0.4779
0.9059,0.9926,0.3124,0.4752
0.9067,1.0,0.3124,0.476
0.9085,1.0,0.3077,0.4706
0.9144,1.0,0.3054,0.4679
0.9149,1.0,0.303,0.4651
0.9189,1.0,0.3007,0.4624
0.9287,1.0,0.296,0.4568
0.9326,1.0,0.2937,0.4541
0.9373,1.0,0.289,0.4485
0.9394,1.0,0.2867,0.4457
0.942,1.0,0.2821,0.44
0.943,1.0,0.2797,0.4372
0.9441,1.0,0.2774,0.4343
0.9466,1.0,0.2727,0.4286
0.949,1.0,0.2704,0.4257
0.9512,1.0,0.2657,0.4199
0.953,1.0,0.2634,0.417
0.9563,1.0,0.2587,0.4111
0.9565,1.0,0.2564,0.4082
0.9579,1.0,0.2541,0.4052
0.9605,1.0,0.2517,0.4022
0.9642,1.0,0.2494,0.3993
0.9648,1.0,0.2471,0.3963
0.9694,1.0,0.2448,0.3933
0.9701,1.0,0.2424,0.3902
0.9704,1.0,0.2378,0.3842
0.9718,1.0,0.2331,0.3781
0.9724,1.0,0.2308,0.375
0.9727,1.0,0.2284,0.3719
0.9729,1.0,0.2261,0.3688
0.9731,1.0,0.2214,0.3626
0.9745,1.0,0.2191,0.3595
0.9752,1.0,0.2145,0.3532
0.9762,1.0,0.2098,0.3468
0.978,1.0,0.2075,0.3436
0.9834,1.0,0.2051,0.3404
0.9835,1.0,0.2028,0.3372
0.9845,1.0,0.1981,0.3307
0.9853,1.0,0.1958,0.3275
0.9854,1.0,0.1935,0.3242
0.9891,1.0,0.1911,0.3209
0.9903,1.0,0.1865,0.3143
0.9904,1.0,0.1818,0.3077
0.9916,1.0,0.1772,0.301
0.9981,1.0,0.1748,0.2976
0.9985,1.0,0.1702,0.2908
1.0,1.0,0.1655,0.284
1.0,1.0,0.1608,0.2771
1.0,1.0,0.1492,0.2596
1.0,1.0,0.1399,0.2454
1.0,1.0,0.0723,0.1348
1.0,1.0,0.0536,0.1018
1.0,1.0,0.0186,0.0366
